{"cameraMode":{"drawMode":0,"name":"Shaded","section":"Shading Mode"},"sceneLighting":false,"audioPlay":false,"sceneViewState":{"m_AlwaysRefresh":false,"showFog":true,"showSkybox":false,"showFlares":true,"showImageEffects":true,"showParticleSystems":true,"showVisualEffectGraphs":true,"m_FxEnabled":true},"in2DMode":false,"pivot":{"x":-1.7415207624435425,"y":-3.958101511001587,"z":16.420190811157228},"rotation":{"x":-0.16302922368049622,"y":0.02426489256322384,"z":-0.004012032877653837,"w":-0.9863193035125732},"size":12.12435531616211,"orthographic":false}