{"cameraMode":{"drawMode":0,"name":"Shaded","section":"Shading Mode"},"sceneLighting":true,"audioPlay":false,"sceneViewState":{"m_AlwaysRefresh":false,"showFog":true,"showSkybox":true,"showFlares":true,"showImageEffects":true,"showParticleSystems":true,"showVisualEffectGraphs":true,"m_FxEnabled":true},"in2DMode":false,"pivot":{"x":19.154470443725587,"y":26.797225952148439,"z":-7.576259136199951},"rotation":{"x":0.04763006791472435,"y":-0.27197572588920596,"z":0.013426793739199639,"w":0.9611693620681763},"size":0.7936376929283142,"orthographic":false}