{"cameraMode":{"drawMode":0,"name":"Shaded","section":"Shading Mode"},"sceneLighting":false,"audioPlay":false,"sceneViewState":{"m_AlwaysRefresh":false,"showFog":true,"showSkybox":true,"showFlares":true,"showImageEffects":true,"showParticleSystems":true,"showVisualEffectGraphs":true,"m_FxEnabled":true},"in2DMode":false,"pivot":{"x":-22.260087966918947,"y":4.231934070587158,"z":-29.565805435180665},"rotation":{"x":-0.14791467785835267,"y":-0.024634698405861856,"z":0.0037223261315375568,"w":-0.9887344241142273},"size":18.104816436767579,"orthographic":false}