{"cameraMode":{"drawMode":0,"name":"Shaded","section":"Shading Mode"},"sceneLighting":true,"audioPlay":false,"sceneViewState":{"m_AlwaysRefresh":false,"showFog":true,"showSkybox":true,"showFlares":true,"showImageEffects":true,"showParticleSystems":true,"showVisualEffectGraphs":true,"m_FxEnabled":true},"in2DMode":false,"pivot":{"x":-62.47233963012695,"y":15.668203353881836,"z":-25.39989471435547},"rotation":{"x":-0.0028516079764813186,"y":-0.29469916224479678,"z":0.0009330540196970105,"w":-0.95569908618927},"size":0.8601938486099243,"orthographic":false}