{"cameraMode":{"drawMode":0,"name":"Shaded","section":"Shading Mode"},"sceneLighting":false,"audioPlay":false,"sceneViewState":{"m_AlwaysRefresh":false,"showFog":true,"showSkybox":true,"showFlares":true,"showImageEffects":true,"showParticleSystems":true,"showVisualEffectGraphs":true,"m_FxEnabled":true},"in2DMode":false,"pivot":{"x":-28.901859283447267,"y":8.266763687133789,"z":-52.90934753417969},"rotation":{"x":-0.008474042639136315,"y":-0.32775095105171206,"z":0.003034109016880393,"w":-0.9447811841964722},"size":0.866025447845459,"orthographic":false}